,Title,URL,Date
1856,Appointing a Solar PV System Contractor | Getting Started | No subheader2 | ,https://www1.bca.gov.sg/docs/default-source/docs-corp-news-and-publications/publications/for-industry/handbook_for_solar_pv_systems_edited_copy.pdf,
2238,EMA: EMA Awards $6.2 Million Research Grant to Develop Solar Forecasting Capabilities,https://www.ema.gov.sg/media_release.aspx?news_sid=20171020Hat9GRnq0wX7,
518,EMA: Energy Storage System,https://www.ema.gov.sg/energy-storage-system.aspx,
1674,EMA: Enhancing Singapores Solar Adoption and Grid Reliability with Solar Forecasting Tools,https://www.ema.gov.sg/media_release.aspx?news_sid=20221102QOnKsrSDQyid,
1892,EMA: Guide to Solar PV,https://www.ema.gov.sg/Guide_to_Solar_PV.aspx,
415,EMA: Overview,https://www.ema.gov.sg/Renewable_Energy_Overview.aspx,
2294,EMA: Solar Energy: Efforts Ongoing to Encourage Adoption,https://www.ema.gov.sg/reply_to_forum_letter.aspx?news_sid=20210409TI4HrTLcKSl0,
47,EMA: Solar Generation Profile,https://www.ema.gov.sg/Solar_Generation_Profile.aspx,
495,EMA: Solar Irradiance Map,https://www.ema.gov.sg/solarmap.aspx,
404,EMA: Solar Photovoltaic Systems,https://www.ema.gov.sg/Solar_Photovoltaic_Systems.aspx,
370,EMA: Solar panels yet to shine,https://www.ema.gov.sg/reply_to_forum_letter.aspx?news_sid=20140626AxqskVnyaR3k,
12,EMA: Upcoming Enhancements,https://www.ema.gov.sg/solar-enhancements.aspx,
35,Oral reply to PQ on Enhanced Central Intermediary Scheme,https://www.mti.gov.sg/Newsroom/Parliamentary-Replies/2022/11/Oral-reply-to-PQ-on-Enhanced-Central-Intermediary-Scheme,
1651,Response by Minister Gan Kim Yong to the motion 'Towards a Low-Carbon Society',https://www.mti.gov.sg/Newsroom/Speeches/2022/01/Response-by-Minister-Gan-Kim-Yong-to-the-motion-Towards-a-Low-Carbon-Society,
426,Round Up Speech by 2M Tan See Leng at the Second Reading of the Energy (Resilience Measures and Miscellaneous Amendments) Bill,https://www.mti.gov.sg/Newsroom/Speeches/2021/11/Speech-by-2M-Tan-See-Leng-at-the-Second-Reading-of-the-Energy-Bill-in-Parliament,
1810,Solar PV System Installation Requirements | Application of Electrical Installation Licence | No subheader2 | ,https://www1.bca.gov.sg/docs/default-source/docs-corp-news-and-publications/publications/for-industry/handbook_for_solar_pv_systems_edited_copy.pdf,
1833,Solar PV System Installation Requirements | Electrical Installation Licence | No subheader2 | ,https://www1.bca.gov.sg/docs/default-source/docs-corp-news-and-publications/publications/for-industry/handbook_for_solar_pv_systems_edited_copy.pdf,
1732,Solar PV System Installation Requirements | Sale of Solar PV Electricity | Contestable Consumers | ,https://www1.bca.gov.sg/docs/default-source/docs-corp-news-and-publications/publications/for-industry/handbook_for_solar_pv_systems_edited_copy.pdf,
2909,Solar PV System Installation Requirements | Sale of Solar PV Electricity | No subheader2 | ,https://www1.bca.gov.sg/docs/default-source/docs-corp-news-and-publications/publications/for-industry/handbook_for_solar_pv_systems_edited_copy.pdf,
1914,Solar PV System Installation Requirements | Structural Safety and Lightning Protection | Structural Safety | ,https://www1.bca.gov.sg/docs/default-source/docs-corp-news-and-publications/publications/for-industry/handbook_for_solar_pv_systems_edited_copy.pdf,
2080,Solar PV Systems on a Building | Solar PV Output Profile | No subheader2 | ,https://www1.bca.gov.sg/docs/default-source/docs-corp-news-and-publications/publications/for-industry/handbook_for_solar_pv_systems_edited_copy.pdf,
1697,Solar Photovoltaic (“PV”) Systems – An Overview Types of Solar PV System Grid-connected solar PV systems,https://www1.bca.gov.sg/docs/default-source/docs-corp-news-and-publications/publications/for-industry/handbook_for_solar_pv_systems_edited_copy.pdf,
1936,Solar Photovoltaic (“PV”) Systems – An Overview | Design and Installation Checklist | No subheader2 | ,https://www1.bca.gov.sg/docs/default-source/docs-corp-news-and-publications/publications/for-industry/handbook_for_solar_pv_systems_edited_copy.pdf,
2363,Solar Photovoltaic (“PV”) Systems – An Overview | Introduction | No subheader2 | ,https://www1.bca.gov.sg/docs/default-source/docs-corp-news-and-publications/publications/for-industry/handbook_for_solar_pv_systems_edited_copy.pdf,
1721,Solar Photovoltaic (“PV”) Systems – An Overview | Sale of Solar PV Electricity | No subheader2 | ,https://www1.bca.gov.sg/docs/default-source/docs-corp-news-and-publications/publications/for-industry/handbook_for_solar_pv_systems_edited_copy.pdf,
595,Speech by 2M Tan See Leng Guest-of-Honour at the Official Launch of Sembcorp Energy Storage System,https://www.mti.gov.sg/Newsroom/Speeches/2023/02/Speech-by-2M-Tan-See-Leng-Guest-of-Honour-at-the-Official-Launch-of-Sembcorp-Energy-Storage-System,
1581,Speech by 2M Tan See Leng at Committee of Supply 2021 - Joint Segment on Sustainability,https://www.mti.gov.sg/Newsroom/Speeches/2021/03/Speech-by-2M-Tan-See-Leng-at-COS-SGP30-Joint-Segment,
460,Speech by 2M Tan See Leng at the Asia Clean Energy Summit at Singapore International Energy Week,https://www.mti.gov.sg/Newsroom/Speeches/2021/10/Speech-by-2M-Tan-See-Leng-at-the-Asia-Clean-Energy-Summit,
674,Speech by MOS Low Yen Ling at Youth@SIEW 2022 at Singapore International Energy Week,https://www.siew.gov.sg/resources/articles/detail/2022/10/28/youth@siew-opening-remarks-mos-low-yen-ling,
2441,Speech by MOS Low Yen Ling at the Opening Ceremony of Sembcorp Tuas Solar Farm,https://www.mti.gov.sg/Newsroom/Speeches/2022/05/Speech-by-MOS-Low-Yen-Ling-at-the-Opening-Ceremony-of-Sembcorp-Tuas-Solar-Farm,
2305,Speech by Minister Gan Kim Yong at Singapore Energy Lecture,https://www.mti.gov.sg/Newsroom/Speeches/2021/10/Speech-by-Minister-Gan-Kim-Yong-at-Singapore-Energy-Lecture,
1569,Written reply to PQ on 2030 targets for generating electricity with solar energy,"https://www.mti.gov.sg/Newsroom/Parliamentary-Replies/2021/11/Written-reply-to-PQ-on-2030-targets-for-generating-electricity-with-solar-energy#:~:text=Singapore%20is%20on%20track%20to,the%20second%20quarter%20of%202021.",
2317,Written reply to PQ on Enterprise Financing Scheme Green,https://www.mti.gov.sg/Newsroom/Parliamentary-Replies/2022/08/Written-reply-to-PQ-on-Enterprise-Financing-Scheme-Green,
1867,Written reply to PQ on Solar Energy,"https://www.mti.gov.sg/Newsroom/Parliamentary-Replies/2023/08/Written-reply-to-PQ-on-Renewable-Energy#:~:text=We%20are%20on%20track%20to,projected%20energy%20needs%20in%202035.",
0,Written reply to PQ on resale of excess power,https://www.mti.gov.sg/Newsroom/Parliamentary-Replies/2021/03/Written-reply-to-PQ-on-resale-of-excess-power,
472,Written reply to PQ on the Adoption Rate of Solar Photovoltaic (PV) Systems,"https://www.mti.gov.sg/Newsroom/Parliamentary-Replies/2021/08/Written-reply-to-PQ-on-the-Adoption-Rate-of-Solar-Photovoltaic-Systems#:~:text=1.,panels%20has%20decreased%20over%20time.",
2202,Written reply to PQs on LNG and electricity,https://www.mti.gov.sg/Newsroom/Parliamentary-Replies/2022/01/Written-reply-to-PQs-on-LNG-and-electricity,
